-- phpMyAdmin SQL Dump
-- version 4.5.1
-- http://www.phpmyadmin.net
--
-- Host: 127.0.0.1
-- Generation Time: Oct 23, 2017 at 04:29 PM
-- Server version: 10.1.16-MariaDB
-- PHP Version: 5.6.24

SET SQL_MODE = "NO_AUTO_VALUE_ON_ZERO";
SET time_zone = "+00:00";


/*!40101 SET @OLD_CHARACTER_SET_CLIENT=@@CHARACTER_SET_CLIENT */;
/*!40101 SET @OLD_CHARACTER_SET_RESULTS=@@CHARACTER_SET_RESULTS */;
/*!40101 SET @OLD_COLLATION_CONNECTION=@@COLLATION_CONNECTION */;
/*!40101 SET NAMES utf8mb4 */;

--
-- Database: `es_medicine`
--

-- --------------------------------------------------------

--
-- Table structure for table `symptom`
--

CREATE TABLE `symptom` (
  `sym_id` int(11) NOT NULL,
  `sym_name` varchar(30) NOT NULL,
  `sym_info` text CHARACTER SET utf8 NOT NULL
) ENGINE=InnoDB DEFAULT CHARSET=latin1;

--
-- Dumping data for table `symptom`
--

INSERT INTO `symptom` (`sym_id`, `sym_name`, `sym_info`) VALUES
(1, 'unconscious', 'การหมดสติ'),
(2, 'toxin_chemis', 'สารพิษ (เคมี)'),
(3, 'toxin_animal', 'สารพิษ (สัตว์)'),
(4, 'bone_problem', 'กระดูกหัก'),
(5, 'ganster_syndrome', 'ถูกยิงหรือถูกแทง'),
(6, 'body_effect', 'สิ่งแปลกปลอมเข้าสู่ร่างกาย'),
(7, 'swimless', 'จมน้ำ'),
(8, 'hotgot', 'ไฟไหม้น้ำร้อนลวก'),
(9, 'danger_zone', 'สถานที่อันตราย เช่น บริเวณไฟฟ้าแรงสูง หรือ ไฟไหม้');

-- --------------------------------------------------------

--
-- Table structure for table `sym_cases_level1`
--

CREATE TABLE `sym_cases_level1` (
  `case_id` int(11) NOT NULL,
  `sym_level_flag` varchar(40) CHARACTER SET utf8 NOT NULL,
  `case_name` text CHARACTER SET utf8 NOT NULL,
  `case_info` text CHARACTER SET utf8 NOT NULL,
  `result_id` int(11) DEFAULT NULL,
  `case_sym_flag` varchar(40) CHARACTER SET utf8 NOT NULL,
  `sym_id` int(11) NOT NULL
) ENGINE=InnoDB DEFAULT CHARSET=latin1;

--
-- Dumping data for table `sym_cases_level1`
--

INSERT INTO `sym_cases_level1` (`case_id`, `sym_level_flag`, `case_name`, `case_info`, `result_id`, `case_sym_flag`, `sym_id`) VALUES
(1, 'unconscious_level1', 'uncon_level1_01', 'ผู้ป่วยหยุดหายใจ และชีพจรหยุดเต้น', 1, 'unconscious_0001', 1),
(4, 'unconscious_level1', 'uncon_level1_02', 'ผู้ป่วยหยุดหายใจ แต่ชีพจรยังคงเต้นอยู่', 2, 'unconscious_0002', 1),
(5, 'unconscious_level1', 'uncon_level1_03', 'ป่วยมีการบาดเจ็บที่ศีรษะ หรือลำคอ', 4, 'unconscious_0003', 1),
(6, 'unconscious_level1', 'uncon_level1_04', 'ผู้ป่วยมีเลือดออกเป็นจำนวนมาก', 5, 'unconscious_0004', 1),
(7, 'unconscious_level1', 'uncon_level1_05', 'ผู้ป่วยมีอาการผิดปกติก่อนการหมดสติ (ควบคุมร่างกายไม่ได้,สับสน มึนงง,เหงือออกมาก)', 6, 'unconscious_0005', 1),
(9, 'unconscious_level1', 'uncon_level1_06', 'ผู้ป่วยมีอาการผิดปกติก่อนการหมดสติ (ชีพจรเต้นเร็วหรือช้าผิดปกติ,หายใจถี่และลึก,ตัวอุ่น,อาเจียน)', 7, 'unconscious_0006', 1),
(10, 'unconscious_level1', 'uncon_level1_07', 'ผู้ป่วยถูกแมลงหรือสัตว์กัดต่อย', 8, 'unconscious_0007', 1),
(11, 'unconscious_level1', 'uncon_level1_08', 'ผู้ป่วยหน้ามืด วิงเวียน เป็นลม', 9, 'unconscious_0008', 1),
(12, 'unconscious_level1', 'uncon_level1_09', 'เมื่อเขย่าตัวผู้ป่วยเป็นเวลา 2 นาทีแล้วผู้ป่วยยังไม่รู้สึกตัวหรือไม่มีการตอบรับใดๆแต่ยังมีการหายใจ', 10, 'unconscious_0009', 1),
(13, 'toxin_chemis_level1', 'tchemis_level1_01', 'การปฐมพยาบาลผู้ที่ได้รับสารพิษทางปาก', 11, 'toxin_chemis_0001', 2),
(14, 'toxin_chemis_level1', 'tchemis_level1_02', 'การปฐมพยาบาลผู้ที่ได้รับสารพิษทางการหายใจ', 13, 'toxin_chemis_0002', 2),
(16, 'toxin_chemis_level1', 'tchemis_level1_03', 'การปฐมพยาบาลเมื่อสารเคมีสัมผัสกับร่างกาย', 14, 'toxin_chemis_0003', 2),
(17, 'toxin_animal_level1', 'tanimal_level1_01', 'แมลง  เช่น  ผึ้ง  ต่อ  แตน  เป็นต้น', 23, 'toxin_animal_0001', 3),
(18, 'toxin_animal_level1', 'tanimal_level1_02', 'แมงป่องหรือตะขาบ', 24, 'toxin_animal_0002', 3),
(19, 'toxin_animal_level1', 'tanimal_level1_03', 'แมงกะพรุนไฟ', 25, 'toxin_animal_0003', 3),
(20, 'toxin_animal_level1', 'tanimal_level1_04', 'งู', 26, 'toxin_animal_0004', 3),
(21, 'bone_problem_level1', 'bone_level1_01', 'กระดูกไหปลาร้าหัก', 27, 'bone_problem_0001', 4),
(23, 'bone_problem_level1', 'bone_level1_02', 'กระดูกเเขนหัก', NULL, 'bone_problem_0002', 4),
(24, 'bone_problem_level1', 'bone_level1_03', 'กระดูกขาหัก', NULL, 'bone_problem_0003', 4),
(25, 'bone_problem_level1', 'bone_level1_04', 'กระดูกซี่โครงหัก', NULL, 'bone_problem_0004', 4),
(26, 'bone_problem_level1', 'bone_level1_05', 'กระดูกสันหลังหัก', NULL, 'bone_problem_0005', 4),
(27, 'ganster_syndrome_level1', 'ganster_level1_01', 'บาดแผลจากการโดนยิงด้วยปืน', 37, 'ganster_syndrome_0001', 5),
(28, 'ganster_syndrome_level1', 'ganster_level1_02', 'บาดแผลจากการโดนมีด หรือของมีคมฟัน', 38, 'ganster_syndrome_0002', 5),
(29, 'ganster_syndrome_level1', 'ganster_level1_03', 'บาดแผลจากการถูกแทง', 39, 'ganster_syndrome_0003', 5),
(30, 'body_effect_level1', 'body_level1_01', 'สิ่งแปลกปลอมเข้าตา', NULL, 'body_effect_0001', 6),
(31, 'body_effect_level1', 'body_level1_02', 'สิ่งแปลกปลอมเข้าหู', NULL, 'body_effect_0002', 6),
(32, 'body_effect_level1', 'body_level1_03', 'สิ่งแปลกปลอมติดคอ', NULL, 'body_effect_0003', 6),
(33, 'body_effect_level1', 'body_level1_04', 'สิ่งแปลกปลอมเข้าจมูก', NULL, 'body_effect_0004', 6),
(34, 'body_effect_level1', 'body_level1_05', 'สิ่งแปลกปลอมตกลงไปในกระเพาะอาหาร', NULL, 'body_effect_0005', 6),
(35, '\r\nswim_less_level1', 'swim_level1_01', 'ผู้ป่วยหยุดหายใจหรือเรียกแล้วไม่ตอบสนอง', NULL, 'swim_less_0001', 7),
(36, 'swim_less_level1', 'swim_level1_02', 'ผู้ป่วยหมดสติแต่ยังคงหายใจอยู่', NULL, 'swim_less_0002', 7),
(37, 'hotgot_level1', 'hotgot_level1_01', '<font color="red">ระดับตื้น</font> แผลอยู่ที่ชั้นหนังกำพร้า ผิวหนังจะแดง ปวดแสบปวดร้อนเล็กน้อย', NULL, 'hotgot_0001', 8),
(38, 'hotgot_level1', 'hotgot_level1_02', '<font color="red">ระดับปานกลาง</font> แผลอยู่ที่ชั้นหนังกำพร้าแต่ลึกกว่าระดับแรก ผิวหนังจะแดง บวมพอง ปวดแสบปวดร้อนมาก', NULL, 'hotgot_0002', 8),
(39, 'hotgot_level1', 'hotgot_level1_03', '<font color="red">ระดับรุนแรงมาก</font> ความร้อนทำลายไปถึงชั้นหนังแท้ ผิวหนังจะลอกหลุดออกเห็นรอยไหม้สีดำหรือขาวเหมือนเนื้อสุก มักไม่รู้สึกเจ็บปวด เพราะเซลประสาทบริเวณนั้นถูกความร้อนทำลายไปเกือบหมด', NULL, 'hotgot_0003', 8),
(40, 'danger_zone_level1', 'danger_level1_01', 'ตกจากที่สูง', NULL, 'danger_zone_0001', 9),
(41, 'danger_zone_level1', 'danger_level1_02', 'ไฟฟ้าดูด', NULL, 'danger_zone_0002', 9),
(42, 'danger_zone_level1', 'danger_level1_03', 'ไฟไหม้', NULL, 'danger_zone_0003', 9);

-- --------------------------------------------------------

--
-- Table structure for table `sym_cases_level2`
--

CREATE TABLE `sym_cases_level2` (
  `case_id` int(11) NOT NULL,
  `sym_level_flag` varchar(40) NOT NULL,
  `case_name` text CHARACTER SET utf8 NOT NULL,
  `case_info` text CHARACTER SET utf8 NOT NULL,
  `result_id` int(11) DEFAULT NULL,
  `case_sym_flag` varchar(40) NOT NULL,
  `sym_id` int(11) NOT NULL,
  `level1_sym_flag` varchar(40) NOT NULL
) ENGINE=InnoDB DEFAULT CHARSET=latin1;

--
-- Dumping data for table `sym_cases_level2`
--

INSERT INTO `sym_cases_level2` (`case_id`, `sym_level_flag`, `case_name`, `case_info`, `result_id`, `case_sym_flag`, `sym_id`, `level1_sym_flag`) VALUES
(1, 'toxin_chemis_level2', 'tchemis_level2_01', 'การปฐมพยาบาลผู้ที่ได้รับสารกัดเนื้อ (Corrosive substances )  เช่น กรดซัลฟริก  กรดไฮโดรคลอริก  โซเดียมคาร์บอเนต', 11, 'lv2_toxin_chemis_0001', 2, 'toxin_chemis_0001'),
(2, 'toxin_chemis_level2', 'tchemis_level2_02', 'การปฐมพยาบาลผู้ที่ได้รับสารพวกน้ำมันปิโตเลียม ได้แก่ น้ำมันก๊าด เบนซิน ยาฆ่าแมลงชนิดน้ำมัน เช่น DTT.', 13, 'lv2_toxin_chemis_0002', 2, 'toxin_chemis_0001'),
(3, 'toxin_chemis_level2', 'tchemis_level2_03', 'การปฐมพยาบาลผู้ที่ได้รับ ยาแก้ปวด ลดไข้', 14, 'lv2_toxin_chemis_0003', 2, 'toxin_chemis_0001'),
(4, 'toxin_chemis_level2', 'tchemis_level2_04', 'ก๊าซที่ทำให้ร่างกายขาดออกซิเจน', 18, 'lv2_toxin_chemis_0004', 2, 'toxin_chemis_0002'),
(8, 'toxin_chemis_level2', 'tchemis_level2_05', 'ก๊าซที่ทำให้เกิดการระคายเคืองต่อระบบทางเดินหายใจ', 19, 'lv2_toxin_chemis_0005', 2, 'toxin_chemis_0002'),
(9, 'toxin_chemis_level2', 'tchemis_level2_06', 'ก๊าซที่ทำให้อันตรายทั่วร่างกาย', 20, 'lv2_toxin_chemis_0006', 2, 'toxin_chemis_0002'),
(10, '\r\ntoxin_chemis_level2', 'tchemis_level2_07', 'การปฐมพยาบาลเมื่อสารเคมีถูกผิวหนัง', 21, 'lv2_toxin_chemis_0007', 2, 'toxin_chemis_0003'),
(11, 'toxin_chemis_level2', 'tchemis_level2_08', 'การปฐมพยาบาลเมื่อสารเคมีเข้าตา', 22, 'lv2_toxin_chemis_0008', 2, 'toxin_chemis_0003'),
(12, 'bone_problem_level2', 'bone_level2_01', 'กระดูกไหปลาร้าหัก (ไม่พบอาการย่อยในกรณีนี้ )', 27, 'lv2_bone_problem_0001', 4, 'bone_problem_0001'),
(13, 'bone_problem_level2', 'bone_level2_02', 'กระดูกต้นแขนหัก ', 28, 'lv2_bone_problem_0002', 4, 'bone_problem_0002'),
(14, 'bone_problem_level2', 'bone_level2_03', 'กระดูกแขนท่อนกลางหัก ', 29, 'lv2_bone_problem_0003', 4, 'bone_problem_0002'),
(15, 'bone_problem_level2', 'bone_level2_04', 'กระดูกปลายแขนหัก ', 30, 'lv2_bone_problem_0004', 4, 'bone_problem_0002'),
(18, 'bone_problem_level2', 'bone_level2_05', 'กระดูกต้นขาหัก', 31, 'lv2_bone_problem_0005', 4, 'bone_problem_0003'),
(19, 'bone_problem_level2', 'bone_level2_06', 'กระดูกหน้าแข้งหัก', 32, 'lv2_bone_problem_0006', 4, 'bone_problem_0003'),
(20, 'bone_problem_level2', 'bone_level2_07', 'กระดูกซี่โครงหัก (ไม่พบอาการย่อยในกรณีนี้)', 33, 'lv2_bone_problem_0007', 4, 'bone_problem_0004'),
(21, 'bone_problem_level2', 'bone_level2_08', 'ผู้ป่วยกระดูกสันหลังหักที่คอ', 34, 'lv2_bone_problem_0008', 4, 'bone_problem_0005'),
(22, 'bone_problem_level2', 'bone_level2_09', 'ผู้ป่วยกระดูกสันหลังหักที่หลัง', 35, 'lv2_bone_problem_0009', 4, 'bone_problem_0005'),
(23, 'danger_zone_level2', 'danger_level2_03', 'การอพยพออกจากพื้นที่เกิดเพลิงไหม้', NULL, 'lv2_danger_zone_0003', 9, 'danger_zone_0003'),
(24, 'danger_zone_level2', 'danger_level2_04', 'ข้อควรรู้ในการอพยพหนีไฟ', NULL, 'lv2_danger_zone_0004', 9, 'danger_zone_0003'),
(26, 'danger_zone_level2', 'danger_level2_05', 'กรณีไฟลุกลามติดเสื้อผ้า', NULL, 'lv2_danger_zone_0005', 9, 'danger_zone_0003'),
(27, 'danger_zone_level2', 'danger_level2_06', 'กรณีติดอยู่ในอาคาร', NULL, 'lv2_danger_zone_0006', 9, 'danger_zone_0003'),
(28, 'danger_zone_level2', 'danger_level2_01', 'ตกจากที่สูง (ไม่พบกรณีย่อย )', 50, 'lv2_danger_zone_0001', 9, 'danger_zone_0001'),
(29, 'danger_zone_level2', 'danger_level2_02', 'ไฟฟ้าดูด (ไม่พบกรณีย่อย )', 51, 'lv2_danger_zone_0002', 9, 'danger_zone_0002');

-- --------------------------------------------------------

--
-- Table structure for table `sym_result`
--

CREATE TABLE `sym_result` (
  `result_id` int(11) NOT NULL,
  `result_name` varchar(40) CHARACTER SET utf8 NOT NULL,
  `result_info` text CHARACTER SET utf8 NOT NULL,
  `case_sym_flag` varchar(40) NOT NULL,
  `sym_id` int(11) NOT NULL
) ENGINE=InnoDB DEFAULT CHARSET=latin1;

--
-- Dumping data for table `sym_result`
--

INSERT INTO `sym_result` (`result_id`, `result_name`, `result_info`, `case_sym_flag`, `sym_id`) VALUES
(1, 'uncon_result_0001', ' ให้แจ้งเจ้าหน้าที่ที่เกี่ยวข้องทันที จากนั้นให้ดำเนินการปฐมพยาบาลเบื้องต้น   โดยทำการช่วยหายใจ โดยวิธี CPR (Cardiopulmonary Resuscitation) ด้วยการปั๊มหัวใจและผายปอด \n(Mouth-to-Mouth) ให้แก่ผู้บาดเจ็บ ซึ่งจะช่วยให้เลือดได้รับออกซิเจนเพิ่มมากขึ้นและมีการไหลเวียนเข้าสู่สมองและอวัยวะสำคัญอื่นๆ\n    ก่อนที่จะถึงมือแพทย์ผู้เชี่ยวชาญ ทั้งนี้ ในกรณีที่ศีรษะ ลำคอหรือหลังของผู้บาดเจ็บได้รับการบาดเจ็บด้วย \n     ผู้ให้การปฐมพยาบาลจะต้องระมัดระวังไม่ให้ศีรษะ ลำคอหรือหลังของผู้บาดเจ็บมีการเคลื่อนไหว   ซึ่งทำได้โดยดึงขากรรไกรล่างหรือคางของผู้บาดเจ็บไปข้างหน้าเพื่อเปิดทางให้อากาศเดินทางเข้าได้สะดวก<br><br><br>\n<b>สื่อประกอบการทำ CPR</b>\n<div align="center" class="embed-responsive embed-responsive-16by9">\n<video  controls class="embed-responsive-item">\n<source src="media/vdo/uncon_result_0001.mp4" type="video/mp4">\n</video>\n</div>', 'unconscious_0001', 1),
(2, 'uncon_result_0002', 'ให้แจ้งเจ้าหน้าที่ที่เกี่ยวข้องทันที จากนั้นให้ดำเนินการปฐมพยาบาลเบื้องต้น โดยทำการผายปอดเพื่อช่วยให้ออกซิเจนไหลเข้าไปที่ปอดของผู้บาดเจ็บและให้ปฏิบัติเช่นนี้ไปจนกระทั่งผู้บาดเจ็บสามารถหายใจได้ด้วยตัวเอง หรือจนกว่าแพทย์ผู้เชี่ยวชาญจะเดินทางมาถึง ทั้งนี้ ต้องควบคุมศีรษะ ลำคอหรือหลังของผู้บาดเจ็บให้ไม่มีการเคลื่อนไหวเช่นกัน<br><br><br>\n<b>สื่อประกอบการทำ CPR</b>\n<div align="center" class="embed-responsive embed-responsive-16by9">\n<video  controls class="embed-responsive-item">\n<source src="media/vdo/uncon_result_0002.mp4" type="video/mp4">\n</video>\n</div>', 'unconscious_0002', 1),
(4, 'uncon_result_0003', ' ให้แจ้งเจ้าหน้าที่ที่เกี่ยวข้องทันที  จากนั้นให้ดำเนินการปฐมพยาบาลเบื้องต้น  โดยให้ดำเนินการตามวิธีการปฐมพยาบาลผู้บาดเจ็บที่ศีรษะ   และลำคอ/หลัง ', 'unconscious_0003', 1),
(5, 'uncon_result_0004', ' ให้แจ้งเจ้าหน้าที่ที่เกี่ยวข้องทันทีจากนั้นให้ดำเนินการปฐมพยาบาลเบื้องต้น  โดยให้ดำเนินการตามวิธีการปฐมพยาบาลผู้บาดเจ็บที่มีเลือดออกหรือการห้ามเลือด', 'unconscious_0004', 1),
(6, 'uncon_result_0005', '- ทำให้ผู้ป่วยหายใจได้สะดวกมากที่สุด <br>\n- ให้ผู้ป่วยนอนตะแคง <br>\n- ห้ามให้ดื่มน้ำหรือของเหลวใดๆ  ทั้งสิ้น <br>', 'unconscious_0005', 1),
(7, 'uncon_result_0006', 'ให้แจ้งเจ้าหน้าที่ที่เกี่ยวข้องทันที หรือนำผู้ป่วยส่งโรงพยาบาล\r\n', 'unconscious_0006', 1),
(8, 'uncon_result_0007', ' ให้แจ้งเจ้าหน้าที่ที่เกี่ยวข้องทันทีจากนั้นให้ดำเนินการปฐมพยาบาลเบื้องต้น โดยให้ดูว่าผู้บาดเจ็บได้รับการกัดหรือต่อยโดยแมลงหรือสัตว์ชนิดใด ตลอดจนดูลักษณะของบาดแผลที่เกิดขึ้น  โดยให้ดำเนินตามวิธีการปฐมพยาบาลผู้บาดเจ็บที่ถูกแมลงกัดหรือต่อย', 'unconscious_0007', 1),
(9, 'uncon_result_0008', 'ให้แจ้งเจ้าหน้าที่ที่เกี่ยวข้องทันที  จากนั้นให้ดำเนินการปฐมพยาบาลเบื้องต้น  โดยจัดให้ผู้ป่วยอยู่ในท่าที่หายใจได้สะดวกมากที่สุด  (Recovery Position) ', 'unconscious_0008', 1),
(10, 'uncon_result_0009', '  ให้แจ้งเจ้าหน้าที่ที่เกี่ยวข้องทันที   จากนั้นให้ดำเนินการปฐมพยาบาลเบื้องต้น  โดยให้ดำเนินตามวิธีการปฐมพยาบาลผู้ป่วยหน้ามืดหรือเป็นลม', 'unconscious_0009', 1),
(11, 'tchemis_result_0001', '- ถ้ารู้สึกตัวดีให้ดื่มนม <br>\n- อย่าทำให้อาเจียน <br>\n- รีบนำส่งโรงพยาบาล <br>', 'lv2_toxin_chemis_0001', 2),
(13, 'tchemis_result_0002', '- รีบนำส่งโรงพยาบาล<br>\n- ห้ามทำให้อาเจียน<br>\n- ระหว่างนำส่งโรงพยาบาล ถ้าผู้ป่วยอาเจียน ให้จัดศีรษะต่ำ เพื่อป้องกันการสำลักน้ำมันเข้าปอด<br>', 'lv2_toxin_chemis_0002', 2),
(14, 'tchemis_result_0003', '- ทำให้สารพิษเจือจาง<br>\n- ทำให้อาเจียน<br>\n- ให้สารดูดซับสารพิษ ที่อาจหลงเหลือในระบบทางเดินอาหาร<br>\n- ให้กำลังใจ เพื่อให้ ผู้ป่วยสงบ<br>\n- นำส่งโรงพยาบาล<br>', 'lv2_toxin_chemis_0003', 2),
(18, 'tchemis_result_0004', '- กลั้นหายใจและรีบเปิดประตูหน้าต่าง ๆ เพื่อให้อากาศถ่ายเท มีอากาศบริสุทธิ์เข้ามาในห้อง ปิดท่อก๊าซ หรือขจัดต้นเหตุของพิษนั้น ๆ <br>\n- นำผู้ป่วย ออกจากบริเวณที่เกิดเหตุไปยังที่มีอากาศบริสุทธิ์<br>\n- ประเมินการหายใจและการเต้นของหัวใจ ถ้าไม่มีให้ผายปอดและนวดหัวใจ<br>\n- นำส่งโรงพยาบาล<br>', 'lv2_toxin_chemis_0004', 2),
(19, 'tchemis_result_0005', 'กลั้นหายใจและรีบเปิดประตูหน้าต่าง ๆ เพื่อให้อากาศถ่ายเท มีอากาศบริสุทธิ์เข้ามาในห้อง ปิดท่อก๊าซ หรือขจัดต้นเหตุของพิษนั้น ๆ <br>\r\nนำผู้ป่วย ออกจากบริเวณที่เกิดเหตุไปยังที่มีอากาศบริสุทธิ์<br>\r\nประเมินการหายใจและการเต้นของหัวใจ ถ้าไม่มีให้ผายปอดและนวดหัวใจ<br>\r\nนำส่งโรงพยาบาล<br>', 'lv2_toxin_chemis_0005', 2),
(20, 'tchemis_result_0006', 'กลั้นหายใจและรีบเปิดประตูหน้าต่าง ๆ เพื่อให้อากาศถ่ายเท มีอากาศบริสุทธิ์เข้ามาในห้อง ปิดท่อก๊าซ หรือขจัดต้นเหตุของพิษนั้น ๆ <br>\r\nนำผู้ป่วย ออกจากบริเวณที่เกิดเหตุไปยังที่มีอากาศบริสุทธิ์<br>\r\nประเมินการหายใจและการเต้นของหัวใจ ถ้าไม่มีให้ผายปอดและนวดหัวใจ<br>\r\nนำส่งโรงพยาบาล<br>', 'lv2_toxin_chemis_0006', 2),
(21, 'tchemis_result_0007', 'ล้างด้วยน้ำสะอาดนาน ๆ  อย่างน้อย ๑๕ นาที<br>\r\nอย่าใช้ยาแก้พิษทางเคมี  เพราะความร้อนที่เกิดจากปฏิกิริยาอาจทำให้เกิดอันตรายมากขึ้น<br>\r\nบรรเทาอาการปวดและรักษาช็อค<br>\r\nปิดแผล แล้วนำส่งโรงพยาบาล<br>\r\nการปฐมพยาบาลเมื่อสารเคมีเข้าตา<br>', 'lv2_toxin_chemis_0007', 2),
(22, '\r\ntchemis_result_0008', 'ล้างตาด้วยน้ำนาน ๑๕ นาที่ โดยการ เปิดน้ำก๊อกไหลรินค่อย ๆ<br>\r\nอย่าใช้ยาแก้พิษทางเคมี เพราะความร้อนที่เกิดจากปฏิกิริยาอาจทำให้เกิดอันตรายมากขึ้น<br>\r\nบรรเทาอาการปวดและรักษาช็อค<br>\r\nปิดตา  แล้วนำส่งโรงพยาบาล<br>', 'lv2_toxin_chemis_0008', 2),
(23, 'tanimal_result_0001', '1.  พยายามเอาเหล็กในออกให้หมด  โดยใช้วัตถุที่มีรู  เช่น  ลูกกุญแจ  กดลงไปตรงรอยที่ถูกต่อย  เหล็กในจะโผล่ขึ้นมาให้คีบออกได้<br>\r\n2.  ใช้ผ้าชุบน้ำยาที่ฤทธิ์ด่างอ่อน  เช่น  น้ำแอมโมเนีย  น้ำโซดาไบคาบอร์เนต  น้ำปูนใส  ทาบริเวณแผลให้ทั่วเพื่อฆ่าฤทธิ์กรดที่ค้างอยู่ในแผล<br>\r\n3.  อาจมีน้ำแข็งประคบบริเวณที่ถูกต่อยถ้าแผลบวมมาก<br>\r\n4.  ถ้ามีอาการปวดให้รับประทานยาแก้ปวด  ถ้าคันหรือผิวหนังมีผื่นขึ้นให้รับประทานยาแก้แพ้<br>\r\n5.  ถ้าอาการไม่ทุเลาลง  ควรไปพบแพทย์<br>', 'toxin_animal_0001', 3),
(24, 'tanimal_result_0002', '1.  ใช้สายรัดหรือขันชเนาะเหนือบริเวณเหนือบาดแผล  เพื่อป้องกันไม่ให้พิษแพร่กระจายออกไป<br>\r\n2.  พยายามทำให้เลือดไหลออกจากบาดแผลให้มากที่สุด  อาจทำได้หลายวิธี  เช่น  เอามือบีบ  เอาวัตถุที่มีรูกดให้แผลอยู่ตรงกลางรูพอดี  เลือดจะได้พาเอาพิษออกมาด้วย<br>\r\n3.  ใช้แอมโมเนียหอมหรือทิงเจอร์ไอโอดี 2.5%  ทาบริเวณแผลให้ทั่ว<br>\r\n4.  ถ้ามีอาการบวม  อักเสบและปวดมาก  ใช้ก้อนน้ำแข็งประคบบริเวณแผล  เพื่อช่วยบรรเทาความเจ็บปวดด้วย<br>\r\n5.  ถ้าอาการยังไม่ทุเลาลง  ต้องรีบนำส่งแพทย์<br>', 'toxin_animal_0002', 3),
(25, 'tanimal_result_0003', '1.  ใช้ผ้าเช็ดตัวหรือทรายขัดถูบริเวณที่ถูกพิษแมงกะพรุนไฟ  เพื่อเอาพิษที่ค้างอยู่ออกหรือใช้ผักบุ้งทะเลซึ่งหาง่ายและมีอยู่บริเวณชายทะเล  โดยนำมาล้างให้สะอาด  ตำปิดบริเวณแผลไว้<br>\r\n2.  ใช้น้ำยาที่มีฤทธิ์เป็นด่าง  เช่น  แอมโมเนียหรือน้ำปูนใส  ชุบสำลีปิดบริเวณผิวหนังส่วนนั้นนานๆ  เพื่อฆ่าฤทธิ์กรดจากพิษของแมงกะพรุน<br>\r\n3.  ให้รับประทานยาแก้ปวด<br>\r\n4.  ถ้าอาการยังไม่ทุเลาลง  ให้รีบนำส่งแพทย์โดยเร็ว<br>', 'toxin_animal_0003', 3),
(26, 'tanimal_result_0004', '1.  ใช้เชือก  สายยาง  สายรัด  หรือผ้าผืนเล็กๆ  รัดเหนือแผลประมาณ 5-10 เซนติเมตร  โดยให้บริเวณที่ถูกรัดอยู่ระหว่างแผลกับหัวใจ  รัดให้แน่นพอสมควร  แต่อย่าให้แน่นจนเกินไป  พอให้นิ้วก้อยสอดเข้าได้  เพื่อป้องกันไม่ให้พิษงูเข้าสู่หัวใจโดยรวดเร็ว  และควรคลายสายที่รัดไว้  ควรใช้สายรัดอีกเส้นหนึ่งรัดเหนืออวัยวะที่ถูกงูกัดขึ้นไปอีกเปลาะหนึ่ง  เหนือรอยรัดเดิมเล็กน้อยจึงค่อยคลายผ้าที่รัดไว้เดิมออก  ทำเช่นนี้ไปจนกว่าจะได้ฉีดยาเซรุ่ม<br>\r\n2.  ล้างบาดแผลด้วยน้ำด่างทับทิมแก่ๆ  หลายๆ  ครั้ง  และใช้น้ำแข็งหรือถุงน้ำแข็งประคบหรือวางไว้บนบาดแผล  พิษงูจะกระจายเข้าสู่ร่างกายได้ช้าลง<br>\r\n3.  ให้ผู้ป่วยนอนอยู่ในท่าที่บาดแผลงูพิษกัดอยู่ต่ำกว่าระดับหัวใจ นอนอยู่นิ่งๆ  เคลื่อนไหวร่างกายให้น้อยที่สุด  เพื่อไม่ให้พิษงูกระจายไปตามร่างกาย  และควรปลอบใจให้ผู้ป่วยสบายใจ<br>\r\n4.  ไม่ควรให้ผู้ป่วยเสพของมึนเมา  เช่น  กัญชา  สุรา  น้ำชา  กาแฟ  เพราะจะทำให้หัวใจเต้นแรง  อาจทำให้พิษงูกระจายไปทั่วร่างกายเร็วขึ้น<br>\r\n5.  รีบนำผู้ป่วยส่งโรงพยาบาลที่ใกล้ที่สุด  ถ้านำงูที่กัดไปด้วยหรือบอกชื่องูที่กัดได้ด้วยยิ่งดี  เพราะจะทำให้  เลือกเซรุ่มแก้พิษงูได้ตรงตามพิษงูที่กัดได้ง่ายยิ่งขึ้น<br>', 'toxin_animal_0004', 3),
(27, 'bone_result_0001', '1. กางแขนผู้ป่วยออกเป็นมุมฉากกับลำตัว<br>\r\n2. ใช้ผ้าสามเหลี่ยมหรือผ้าพันเป็นรูปเลขแปดแล้วปล่อยแขนห้อยลง<br>\r\n3. ใช้ผ้าสามเหลี่ยมคล้องแขนข้างที่กระดูกไหปลาร้าหักแนบกับลำตัว<br>\r\n4. หรือใช้ผ้าผืนใหญ่พันแขนติดกับลำตัวมาผูกไว้ใต้รักแร้ด้านตรงข้าม เพื่อให้เคลื่อนไหวได้น้อยที่สุด<br>', 'lv2_bone_problem_0001', 4),
(28, 'bone_result_0002', 'ให้ใช้ผ้าผืนใหญ่ ๆ พันทับต้นแขนไปผูกด้านข้างของทรวงอกใต้รักแร้อีกข้างหนึ่ง ห้อยแขนข้างเจ็บด้วยผ้าคล้องคอ', 'lv2_bone_problem_0002', 4),
(29, 'bone_result_0003', 'ใช้ไม้บาง ๆ เช่น ไม้ฉำฉาหรือไม้ไผ่กว้างประมาณ 1 นิ้วยาวเท่ากับต้นแขนของผู้ป่วย 4 ชิ้น วางไม้ที่ด้านหน้า ด้านข้าง ด้านหลัง และด้านในแขนโดยใช้สำลีวางรองก่อน แล้วพันผ้าให้แน่น ใช้ผ้าคล้องคอห้อยแขนข้างบาดเจ็บไว้', 'lv2_bone_problem_0003', 4),
(30, 'bone_result_0004', 'ใช้ไม้บาง ๆ กว้าง 2 1/2 นิ้ว ยาวเท่ากับปลายนิ้วถึงข้อศอก 2 แผ่น เอาเฝือกวางด้านบนและด้านล่างของแขน พันผ้าให้แน่น ห้อยแขนข้างบาดเจ็บด้วยผ้าคล้องคอ', 'lv2_bone_problem_0004', 4),
(31, 'bone_result_0005', 'โดยให้ผู้ป่วยนอนหงาย ใช้เฝือกไม้ 2 แผ่น กว้างประมาณ 4 นิ้วฟุต อันแรกความยาว ตั้งแต่รักแร้ถึงส้นเท้าวางทาบทางด้านนอนของขา อีกอันยาวตั้งแต่โคนขาถึงส้นเท้า วางไว้ด้านในของต้นขาแล้วใช้ผ้าพันเฝือกให้แน่นกับขาและลำตัว เมื่อจะนำขึ้นเปลส่งโรงพยาบาลให้ผูกขาที่ปกติและขาเจ็บเข้าด้วยกัน โดยมัดที่ตรงเหนือข้อเท้าละข้อเข่า เพื่อให้ได้รับความกระทบกระเทือนจากการเคลื่อนย้ายน้อยที่สุด', 'lv2_bone_problem_0005', 4),
(32, 'bone_result_0006', 'ใช้ไม้เฝือกแบน  1  อัน กว้างประมาณ  3  นิ้ว  ความยาวตั้งแต่เหนือเข่าถึงข้อเท้าวางไว้ด้านนอนของขา  แล้วพันผ้าให้แน่น  ถ้าหากกระดูกหักทั้ง  2  ชิ้น  อาการอาจรุนแรงและเจ็บปวดมาก อาจใช้ไม้เฝือกแบน  3  อัน  ความยาวตั้งแต่เหนือเข่าถึงข้อเท้าวางไว้ที่ใต้ขาทาบกับน่องอันหนึ่ง  ส่วนอีก 2  อัน วางไว้ด้านในและนอกของขา แล้วใช้ผ้าพันให้แน่นพอสมควรก่อนนำขึ้นเปล  เพื่อเคลื่อนย้ายนำส่งโรงพยาบาล  ควรผูกขาที่เจ็บและข้างที่ปกติไว้ด้วยกัน  เพื่อให้ขาข้างเจ็บได้อยู่นิ่ง', 'lv2_bone_problem_0006', 4),
(33, 'bone_result_0007', '1.ถ้ามีอาการหอบ  ตัวเขียว  ช็อก  หรือสงสัยมีลม  หรือเลือดอยู่ในช่องปอด หรือสงสัยภาวะอกรวน  ควรส่งโรงพยาบาลด่วน<br>\r\n2.ถ้ามีแผลที่ผิวหนังทะลุถึงปอด  ให้ใช้ผ้าสะอาดหรือผ้าก๊อซหนา ๆ ปิดอุดรูรั่ว<br>\r\n3.ถ้ามีภาวะอกรวน ให้ใช้มือกดบริเวณนั้นไว้  หรือให้ผู้ป่วยนอนตะแคงให้ส่วนนั้นทับบนหมอน  หรือใช้ผ้าขาวม้าหรือผ้าเช็ดตัวพับหลายทบ  วางบนส่วนนั้น  แล้วใช้ผ้าพันไว้ไม่ให้หน้าอกยุบพองอีก<br>\r\n4.ถ้ากระดูกซี่โครงหักธรรมดา   ไม่มีภาวะแทรกซ้อนดังกล่าว  เพียวแต่รู้สึกเจ็บปวดขณะเคลื่อนไหวหรือหายใจแรง ๆ ให้นอนพัก  พยายามเคลื่อนไหวให้น้อยที่สุด  อย่าหายใจเข้าออกแรงๆ และให้กินยาแก้ปวด (ย1)  ไม่จำเป็นต้องใช้ผ้าพันหรือเข้าเฝือกรอบหน้าอก  อาการเจ็บปวดจะค่อย ๆ ดีขึ้น  อาจกินเวลา  1-2  สัปดาห์  และอาจกินเวลาเป็นเดือน ๆ กว่าอาการปวดจะหายขาด  ถ้าอาการปวดไม่ทุเลาขึ้นใน 1-2 สัปดาห์  หรือมีอาการหายใจหอบ  ไอเป็นเลือดสด ๆ ซีดหรือสงสัยมีภาวะแทรกซ้อน  ควรส่งโรงพยาบาล<br>', 'lv2_bone_problem_0007', 4),
(34, 'bone_result_0008', 'ให้ผู้ป่วยนอนรอบโดยมีศีรษะอยู่นิ่งและจัดให้เป็นแนวตรงกับลำตัวโดยใช้หมอน หรือของแข็งๆ ขนาบศีรษะข้างหูทั้งสองด้าน ถ้าผู้ป่วยประสบเหตุขณะขับรถยนต์อยู่ ก่อนเคลื่อนย้ายผู้ป่วยที่กระดูกสันหลังส่วนคอหักออกจากที่นั่งในรถ ผู้ช่วยเหลือควรให้ผู้ป่วยนั่งพิงแผ่นไม้กระดานที่มีระดับสูงจากสะโพกขึ้นไป จนเหนือศีรษะ ใช้เชือก หรือผ้ามัดศีรษะและลำตัวของผู้ป่วยให้ติดแน่นกับแผ่นไม้ไม่ให้ขยับเขยื้อน เป็นเปลาะๆ แล้วจึงเคลื่อนย้ายผู้ป่วยออกมา\r\n          ถ้าผู้ป่วยหยุดหายใจ ผู้ช่วยเหลือควรรีบผายปอดด้วยวิธีเป่าลมเข้าปาก หากต้องเคลื่อนย้ายผู้ป่วย เช่น นำส่งโรงพยาบาลควรหาผู้ช่วยเหลืออย่างน้อย ๔ คน ให้ผู้ช่วยเหลือยกผู้ป่วยขึ้นจากพื้นพร้อมๆ กัน ให้ศีรษะและลำตัวเป็นแนวตรง ไม่ให้คองอเป็นอันขาด แล้วจึงวางผู้ป่วยลงบนแผ่นกระดาน หรือเปลพยาบาลต่อไป', 'lv2_bone_problem_0008', 4),
(35, 'bone_result_0009', ' ให้ผู้ป่วยนอนราบอยู่บนพื้น ไม่ให้เคลื่อนไหว หาผู้ช่วยเหลือ ๓-๔ คน และแผ่นกระดานขนาดยาวเท่าผู้ป่วย เช่น บานประตู หรือเปลพยาบาล ค่อยๆ เคลื่อนตัวผู้ป่วยในท่าแนวตรงทั้งศีรษะและลำตัว ไม่ให้หลังงอเป็นอันขาด วางผู้ป่วยลงบนไม้กระดานหรือบนเปลพยาบาล ใช้ผ้ารัดตัวผู้ป่วยให้ติดกับแผ่นกระดานเป็นเปลาะๆ ไม่ให้เคลื่อนไปมาแล้วจึงนำส่งแพทย์', 'lv2_bone_problem_0009', 4),
(37, 'ganster_result_0001', '1. มองหาจุดทะลุของกระสุนก่อน ปกติทางเข้าของกระสุนแผลจะเล็ก และทางออกของกระสุนแผลจะใหญ่ เหวอะหวะ ผิวหรือเนื้อขาดรุ่งริ่ง <br>\r\n2. นำผ้าสะอาดมาปิดบนบาดแผล กดให้แน่นพอประมาณ<br>\r\n3. ยกส่วนที่เลือดออกให้สูงกว่าหัวใจ (ถ้ายกได้)<br>\r\n4. หากเลือดออกมาก หรือบาดแผลใหญ่ เช่นถูกยิงที่ท้อง หน้าอก หลัง หรือคอ ให้ป้องกันผู้ป่วยช็อกจากการเสียเลือด ด้วยการให้ผู้ป่วยนอนราบ ยกขาขึ้นสูงเล็กน้อย<br>\r\n5. สังเกตการณ์หายใจ และจับชีพจร หากแทบไม่หายใจ หรือไม่มีชีพจร ให้เป่าปาก และนวดหัวใจด้วยการประสานมือปั้มหัวใจตรงกลางหน้าอก<br>\r\n6. รีบนำส่งโรงพยาบาล<br>', 'ganster_syndrome_0001', 5),
(38, 'ganster_result_0002', '1.ห้ามเลือดด้วยการกดแผลด้วยนิ้วหรือผ้าสะอาด บีบให้ปากแผลติดกันเท่าที่ทำได้<br>\r\n2.หากปากแผลไม่สามารถบีบให้ชิดกันได้ และปากแผลไม่เรียบ ขรุขระ แหว่ง หรือเป็นรูโหว่ ให้หาผ้าสะอาดขยุ้มกดลงบนบาดแผล แล้วนำผ้าสามเหลี่ยมพันทับ พันอีกรอบด้วยผ้ายืด<br>\r\n3.หากอวัยวะถูกตัดขาดออกมา ให้เก็บชิ้นส่วนนั้นไว้ในถุงพลาสติก หรือซิปล็อก อย่าให้น้ำเข้า แล้วรีบแช่ในถังน้ำแข็ง นำส่งโรงพยาบาลพร้อมผู้ป่วย<br>', 'ganster_syndrome_0002', 5),
(39, 'ganster_result_0003', '1.อย่าดึงของมีคม เช่น มีด ดาบ เหล็ก หรืออื่นๆ ที่เสียบอยู่กับผู้ป่วยออกเด็ดขาด ให้ปักคาไว้แบบนั้น<br>\r\n2.ห้ามเลือดด้วยผ้าสะอาดกดรอบแผล และใช้ผ้าพันไว้ ให้ของมีคมอยู่นิ่งที่สุด<br>\r\n3.นำผู้ป่วยส่งโรงพยาบาล<br>', 'ganster_syndrome_0003', 5),
(40, 'body_result_0001', '1.อย่าขยี้ตา<br>\r\n2.ลืมตาในน้ำสะอาด   หรือล้างตาด้วยน้ำอุ่น   หรือน้ำยาบอริค 3%    (Boric  acid 30%)  หรือน้ำเกลือ (Normal saline solution)<br>\r\n3.ถ้ามองเห็นสิ่งแปลกปลอมอยู่ให้เปิดเปลือกตาขึ้น    ใช้มุมผ้าบาง ๆ   ที่สะอาดหรือใช้สำลีพันปลายไม้เขี่ยออก <br>\r\n4.ถ้าสิ่งแปลกปลอมติดอยู่ในเปลือกตาบน   ให้จับและดึงเปลือกตาบนด้วยนิ้วหัวแม่มือกับนิ้วชี้    พับหนังตาบนด้วยไม้พันสำลี   บอกให้ผู้บาดเจ็บมองลงต่ำจะเห็นบริเวณเปลือกตา และดวงตาจากนั้นใช้ผ้าสะอาดเขี่ยสิ่งแปลกปลอมออก<br>\r\n5.เมื่อสิ่งแปลกปลอมที่เข้าตาออกเรียบร้อยแล้ว    ควรล้างตาด้วยน้ำสะอาดหรือน้ำอุ่นปริมาณมาก ๆ <br>', 'body_effect_0001', 6),
(41, 'body_result_0002', '\r\n1.อย่าพยายามใช้นิ้วมือหรือไม้แคะหู  เพราะจะทำให้วัตถุเลื่อนลึกลงไป <br>\r\n2.ให้เอียงหูข้างนั้นต่ำลง  หรือให้นอนตะแคงและกระตุกใบหูข้างนั้นมาก  ๆ  วัตถุจะเลื่อนออกมาเองได้<br>\r\n3.ถ้าวัตถุยังไม่ออกรีบส่งโรงพยาบาล<br>', 'body_effect_0002', 6),
(42, 'body_result_0003', '1.ถ้าเป็นก้างปลาเล็ก ๆ  ให้กลืนน้ำอึกใหญ่ ๆ  ข้าวสุกเป็นก้อน ๆ  ไม่ต้องเคี้ยว  ขนมปังปอนต์หรือขนมสาลี   ก็อาจจะหลุดไปเองได้<br>\r\n2. ถ้าไม่ออก   อย่าพยายามเขี่ยหรือดึงออก<br>\r\n3. ถ้าเป็นเด็กเล็ก ๆ  ให้ผู้ปฐมพยาบาลรีบจับลำตัวคว่ำ    ห้อยศีรษะลงต่ำแล้วตบกลางหลังแรง ๆ    เพื่อให้ไอออกมา<br>\r\n4. ถ้าเป็นเด็กโตหรือผู้ใหญ่   ให้ยืนก้มตัวลงมาก ๆ       ให้ห้อยหัวลง  ผู้ปฐมพยาบาลเข้าข้างหลังใช้แขนซ้ายสอดครั้งเอวไว้    ใช้มือขวาตบกลางหลังแรงๆ    อาจไอออกมาได้  หรือให้นอนคว่ำหรือตะแคงศีรษะต่ำ  ผู้ปฐมพยาบาลตบหลังผู้ป่วยระหว่างไหล่ทั้งสองข้างให้แรงพอสมควร   ถ้ายังติดอยู่หรือติดอยู่ลึก   ควรส่งปรึกษาแพทย์<br>\r\n5. ถ้ามีการหายใจขัด   หรือหยุดหายใจให้ช่วยหายใจ<br>', 'body_effect_0003', 6),
(43, 'body_result_0004', '1. อย่าใช้นิ้วหรือไม้แคะออก   เพราะจะทำให้วัตถุนั้นเลื่อนลงไปอีก<br>\r\n2. ให้ปิดจมูกข้างหนึ่งแล้วสั่งแรง ๆ   วัตถุนั้นก็อาจจะหลุดออกมาได้<br>\r\n3. ถ้าวัตถุนั้นอยู่ลึกมาก    สั่งไม่ออก  ให้รีบปรึกษาแพทย์  เพราะแพทย์จะได้ช่วยเอาออกโดยใช้เครื่องมือที่งอเป็นตะขอ (Nasal hook)   เขี่ยออก<br>', 'body_effect_0004', 6),
(44, 'body_result_0005', '1. ให้รับประทานขนมปังปอนด์    ขนมฝรั่ง   ขนมสาลี่    เข้าไปจำนวนมาก  ๆ  จะช่วยเป็นตัวหุ้มกันไม่ให้วัตถุที่มีปลายแหลมแทงทะลุกระเพาะอาหารหรือลำไส้<br>\r\n2. อย่าให้ยาถ่ายเป็นอันขาด<br>\r\n3. รีบนำส่งโรงพยาบาล   เพื่อจะได้เอกซเรย์ว่าวัตถุตกลงไปอยู่ส่วนใด  จะได้รับการรักษาโดยการผ่าตัดเอาออก<br>', 'body_effect_0005', 6),
(45, 'swim_less_result_0001', 'ให้เปิดทางเดินหายใจให้โล่งขึ้น และทำ CPR ก่อนเป็นเวลา 1 นาที จากนั้นจึงร้องขอความช่วยเหลือจากผู้คนที่อยู่ในบริเวณใกล้เคียงให้ติดต่อกับหน่วยงานฉุกเฉินที่หมายเลข 1669 โดยทันที ภายหลังให้ทำ CPR ร่วมกับการผายปอดอย่างต่อเนื่อง (หากเคยมีประสบการณ์หรือผ่านการเรียนวิธีผายปอดที่ถูกต้องมาก่อน) จนกว่าความช่วยเหลือจะมาถึง', 'swim_less_0001', 7),
(46, 'swim_less_result_0002', 'จัดผู้ป่วยให้อยู่ในท่าพัก โดยให้ศีรษะอยู่ในระดับที่ต่ำกว่าตัว แต่สำหรับกรณีที่ผู้ป่วยจมน้ำรู้สึกตัว ให้ผู้ช่วยเหลือรีบเช็ดตัว เปลี่ยนเสื้อผ้า แล้วพาผู้ป่วยส่งโรงพยาบาลโดยเร็วที่สุด', 'swim_less_0002', 7),
(47, 'hotgot_result_0001', 'ให้ใช้ความเย็นประคบทันที เช่น ใช้ผ้าชุบน้ำเย็นจัดวางลงบนแผล ผ้าต้องมีความเย็นตลอดเวลาที่ประคบ หากบาดเจ็บบริเวณแขน ขา มือ เท้า สามารถจุ่มลงในน้ำเย็นจัดประมาณ 10 นาที ไม่ควรใช้น้ำแข็งสัมผัสบริเวณที่บาดเจ็บ เพราะน้ำแข็งจะมีเหลี่ยมคมและไม่สะอาด ที่สำคัญเนื้อเยื่อบริเวณนั้นอาจตายเนื่องจากความเย็นจัด<br>ไม่ควรใช้ขี้ผึ้ง ครีม น้ำมัน ยาสีฟัน หรือยาหม่อง ทาแผล เพราะจะทำให้ผิวหนังบริเวณนั้นระบายความร้อนออกมาไม่ได้<br>หากอาการปวดแสบปวดร้อนทุเลาลงแล้ว ให้ทำความสะอาดบริเวณนั้นด้วยน้ำสะอาด ทายาที่ใช้สำหรับแผลไฟไหม้ น้ำร้อนลวก แล้วปิดทับด้วยผ้าพันแผล', 'hotgot_0001', 8),
(48, 'hotgot_result_0002', 'ให้ปฐมพยาบาลเช่นเดียวกับระดับแรก แต่ให้สังเกตว่าผู้ป่วยมีอาการช็อคหรือไม่ โดยสังเกตได้จากชีพจรเต้นเบามากหรือเต้นอ่อนลง ปากซีด ผิวหนังซีด เป็นตะคริว หากมีอาการเหล่านี้ ให้ผู้ป่วยนอนราบ ยกขาสูง ห่มผ้าให้ผู้ป่วย หรือรีบนำส่งโรงพยาบาล หากมีกำไลหรือแหวน ควรถอดออก เพราะนิ้วหรือข้อมืออาจบวมจนถอดออกยาก หากเสื้อผ้าติดแน่นไม่ควรถอดหรือเปลี่ยน', 'hotgot_0002', 8),
(49, 'hotgot_result_0003', 'ไม่ควรใช้น้ำเย็นราดเพราะจะทำให้ผู้ป่วยช็อก ตรวจดูว่าผู้ป่วยยังมีสัญญาณชีพหรือไม่ หากไม่หายใจและไม่มีชีพจรให้เป่าปากและนวดหัวใจดังที่ได้เคยกล่าวไปแล้ว รีบโทรเรียกรถพยาบาล หรือรีบนำผู้ป่วยส่งโรงพยาบาลโดยเร็วที่สุด', 'hotgot_0003', 8),
(50, 'danger_result_0001', '1.ประเมินความรู้สึกตัว ABCs <br>\r\n2.ถ้าระบบหายใจและระบบไหลเวียนโลหิตหยุดทำงาน ให้ทำการช่วยฟื้นคืนชีพ (cardiopulmonary resuscitation)<br>\r\n3.ประเมินการบาดเจ็บและความรุนแรง รักษาการบาดเจ็บเฉพาะแห่ง เช่น กระดูกหัก บาดเจ็บช่องท้อง บาดเจ็บทรวงอก เป็นต้น<br>\r\n4.งดน้ำและอาหาร กรณีมีบาดเจ็บที่ศีรษะรุนแรง หรือมีบาดเจ็บในช่องอก ช่องท้อง และกระดูกหัก <br>\r\n5.ส่งต่อไปสถานบริการที่มีความพร้อม<br>', 'lv2_danger_zone_0001', 9),
(51, 'danger_result_0002', '1. ต้องเคลื่อนย้ายผู้ป่วยออกจากบริเวณที่ถูกไฟดูด ไฟช๊อตให้เร็วที่สุด และ ที่สำคัญที่สุดคือ ต้องป้องกันอันตรายไฟฟ้าดูดผู้ที่จะเข้าไปช่วยเหลือด้วย บ่อยครั้งพบว่าผู้เข้าไปช่วยเหลือผู้ป่วยที่ไม่ได้ระวังตรงจุดนี้ กลับถูกกระแสไฟฟ้าดูดเสียชีวิตไปด้วย ถ้าพบแหล่งไฟฟ้ารั่ว ควรพยายามหาทางตัดวงจรไฟฟ้าเสียก่อน หรือ ผู้ป่วยถูกไฟฟ้าแรงสูงดูด และมีสายไฟพาดผ่านตัวผู้ป่วยอยู่ เราต้องหาวัสดุที่เป็นฉนวนไม่นำกระแสไฟฟ้าเช่น ไม้ เขี่ยเอา สายไฟออกจากตัวผู้ป่วยก่อนๆ ที่จะเข้าไปช่วยเหลือ นอกจากนั้นต้องพยายามตรวจดูให้ละเอียดถึง บาดเจ็บที่อาจเกิดร่วมกับผู้ป่วยที่ถูกไฟฟ้าดูดได้เช่น อาจพลัดตกจากที่สูง อาจมีบาดเจ็บที่ศีรษะ หรือ กระดูกส่วนต่างๆเช่น กระดูกคอ กระดูกแขนขา กระดูกสันหลังหักร่วมด้วย เพราะ ฉะนั้นต้องให้ความเอาใจใส่และระมัดระวังในจุดนี้โดยเฉพาะการเคลื่อนย้ายผู้ป่วยออกจากที่เกิดเหตุ เพราะถ้าทำไม่ถูกต้องอาจเกิดความพิการอัมพาตตามมาได้<br>\r\n\r\n2. ตรวจดูหัวใจว่าหยุดเต้นหรือไม่ เพราะ กระแสไฟฟ้าแรงสูงที่ไหลผ่านหัวใจอาจทำให้คลื่นหัวใจหยุดเต้นได้ โดยใช้นิ้วมือคลำดูจากการเต้นของชีพจรบริเวณคอ ถ้าหัวใจหยุดเต้น ต้องทำการนวดหัวใจไปพร้อมๆกับการผายปอด<br>\r\n\r\n3. หลังจากช่วยเหลือผู้ป่วยออกมาได้แล้วให้นำส่งโรงพยาบาลโดยเร็วที่สุด<br>', 'lv2_danger_zone_0002', 9),
(52, 'danger_result_0003', '- ใช้ผ้าชุบน้ำปิดจมูกและปาก หรือใช้ถุงพลาสติกใสขนาดใหญ่อัดอากาศบริสุทธิ์แล้วนำมาครอบศีรษะ เพื่อป้องกันการสูดดมควันไฟเข้าสู่ร่างกาย ทำให้หมดสติและเสียชีวิต <br>\r\n- หมอบคลานต่ำหรือย่อตัวใกล้กับระดับพื้นมากที่สุด เนื่องจากอากาศบริสุทธิ์อยู่เหนือระดับพื้นไม่เกิน 1 ฟุต เพื่ออพยพไปสู่ประตูทางออกฉุกเฉินที่ใกล้ที่สุด<br>\r\n- ใช้บันไดหนีไฟในการอพยพออกจากอาคาร เนื่องจากมีช่องระบายอากาศ จึงช่วยลดการสูดดมควันไฟเข้าสู่ร่างกาย<br>\r\n- ไม่ใช้บันไดภายในอาคารเป็นเส้นทางอพยพหนีไฟ เพราะบันไดมีลักษณะเป็นปล่อง ทำให้ควันไฟและเปลวเพลิงลอยตัวขึ้นมาปกคลุม<br>\r\n - ห้ามใช้ลิฟต์ในการอพยพหนีไฟ เพราะเมื่อเกิดเพลิงไหม้ไฟฟ้าจะดับ ทำให้ติดค้างภายในลิฟต์ ขาดอากาศหายใจเสียชีวิตได้<br>', 'lv2_danger_zone_0003', 9),
(53, 'danger_result_0004', ' - ไม่เข้าไปอยู่ในบริเวณจุดอับของอาคาร อาทิ ห้องใต้ดิน เพราะยากต่อการเข้าช่วยเหลือของเจ้าหน้าที่ <br>\r\n - ไม่หนีไฟเข้าไปอยู่ในห้องน้ำ เพราะปริมาณน้ำไม่เพียงพอต่อการดับไฟ ทำให้ถูกไฟคลอกเสียชีวิตได้<br>\r\n - ไม่ขึ้นไปชั้นบนหรือดาดฟ้าของอาคาร เพราะไฟจะลุกลามจากชั้นล่างขึ้นสู่ชั้นบน ทำให้เสี่ยงต่อการได้รับอันตราย ยกเว้นกรณีที่ไม่สามารถอพยพหนีไฟลงสู่ชั้นล่างได้<br>', 'lv2_danger_zone_0004', 9),
(54, 'danger_result_0005', '    ให้รีบถอดเสื้อผ้าหรือใช้วิธีนอนราบกับพื้นและกลิ้งตัวไปมาให้ไฟดับ ห้ามวิ่งอย่างเด็ดขาด เพราะไฟจะลุกลามรวดเร็วขึ้น', 'lv2_danger_zone_0005', 9),
(55, 'danger_result_0006', ' - ให้โทรศัพท์แจ้งเหตุ พร้อมระบุตำแหน่งที่ติดอยู่ หรือส่งสัญญาณขอความช่วยเหลือจากเจ้าหน้าที่หรือผู้ที่อยู่ภายนอกอาคาร อาทิ โบกผ้า ใช้ไฟฉาย เป่านกหวีด <br>\r\n - ห้ามกลับเข้าไปในอาคารที่เกิดเพลิงไหม้ เพราะอาจถูกไฟคลอกหรือได้รับอันตรายจากโครงสร้างอาคารที่อาจพังถล่ม    <br>', 'lv2_danger_zone_0006', 9);

-- --------------------------------------------------------

--
-- Table structure for table `user`
--

CREATE TABLE `user` (
  `id` int(11) NOT NULL,
  `username` varchar(30) NOT NULL,
  `password` varchar(30) NOT NULL,
  `nick_name` varchar(30) CHARACTER SET utf8 NOT NULL
) ENGINE=InnoDB DEFAULT CHARSET=latin1;

--
-- Dumping data for table `user`
--

INSERT INTO `user` (`id`, `username`, `password`, `nick_name`) VALUES
(1, 'anuwat', '1234', 'อนุวัฒน์'),
(2, 'palm', '123', 'Palm'),
(5, 'meowname', 'meowname', 'meowname'),
(7, 'admin', 'expert', 'SuperAdmin');

--
-- Indexes for dumped tables
--

--
-- Indexes for table `symptom`
--
ALTER TABLE `symptom`
  ADD PRIMARY KEY (`sym_id`);

--
-- Indexes for table `sym_cases_level1`
--
ALTER TABLE `sym_cases_level1`
  ADD PRIMARY KEY (`case_id`),
  ADD UNIQUE KEY `case_sym_flag` (`case_sym_flag`),
  ADD KEY `sym_id` (`sym_id`),
  ADD KEY `result_id` (`result_id`);

--
-- Indexes for table `sym_cases_level2`
--
ALTER TABLE `sym_cases_level2`
  ADD PRIMARY KEY (`case_id`),
  ADD UNIQUE KEY `case_sym_flag` (`case_sym_flag`),
  ADD KEY `sym_id` (`sym_id`),
  ADD KEY `result_id` (`result_id`);

--
-- Indexes for table `sym_result`
--
ALTER TABLE `sym_result`
  ADD PRIMARY KEY (`result_id`),
  ADD KEY `sym_id` (`sym_id`);

--
-- Indexes for table `user`
--
ALTER TABLE `user`
  ADD PRIMARY KEY (`id`);

--
-- AUTO_INCREMENT for dumped tables
--

--
-- AUTO_INCREMENT for table `symptom`
--
ALTER TABLE `symptom`
  MODIFY `sym_id` int(11) NOT NULL AUTO_INCREMENT, AUTO_INCREMENT=10;
--
-- AUTO_INCREMENT for table `sym_cases_level1`
--
ALTER TABLE `sym_cases_level1`
  MODIFY `case_id` int(11) NOT NULL AUTO_INCREMENT, AUTO_INCREMENT=43;
--
-- AUTO_INCREMENT for table `sym_cases_level2`
--
ALTER TABLE `sym_cases_level2`
  MODIFY `case_id` int(11) NOT NULL AUTO_INCREMENT, AUTO_INCREMENT=30;
--
-- AUTO_INCREMENT for table `sym_result`
--
ALTER TABLE `sym_result`
  MODIFY `result_id` int(11) NOT NULL AUTO_INCREMENT, AUTO_INCREMENT=56;
--
-- AUTO_INCREMENT for table `user`
--
ALTER TABLE `user`
  MODIFY `id` int(11) NOT NULL AUTO_INCREMENT, AUTO_INCREMENT=8;
--
-- Constraints for dumped tables
--

--
-- Constraints for table `sym_cases_level1`
--
ALTER TABLE `sym_cases_level1`
  ADD CONSTRAINT `sym_cases_level1_ibfk_1` FOREIGN KEY (`sym_id`) REFERENCES `symptom` (`sym_id`),
  ADD CONSTRAINT `sym_cases_level1_ibfk_2` FOREIGN KEY (`result_id`) REFERENCES `sym_result` (`result_id`);

--
-- Constraints for table `sym_cases_level2`
--
ALTER TABLE `sym_cases_level2`
  ADD CONSTRAINT `sym_cases_level2_ibfk_1` FOREIGN KEY (`sym_id`) REFERENCES `sym_cases_level1` (`sym_id`),
  ADD CONSTRAINT `sym_cases_level2_ibfk_2` FOREIGN KEY (`result_id`) REFERENCES `sym_result` (`result_id`);

--
-- Constraints for table `sym_result`
--
ALTER TABLE `sym_result`
  ADD CONSTRAINT `sym_result_ibfk_1` FOREIGN KEY (`sym_id`) REFERENCES `sym_cases_level1` (`sym_id`);

/*!40101 SET CHARACTER_SET_CLIENT=@OLD_CHARACTER_SET_CLIENT */;
/*!40101 SET CHARACTER_SET_RESULTS=@OLD_CHARACTER_SET_RESULTS */;
/*!40101 SET COLLATION_CONNECTION=@OLD_COLLATION_CONNECTION */;
